{
  "metrics": {
    "accuracy": 0.9162995594713657,
    "f1_macro": 0.8438680951955287,
    "f1_weighted": 0.9126888868224489
  },
  "classes": [
    "breath_retention",
    "chanting",
    "meditation",
    "pranayama",
    "viparita_swasa"
  ],
  "confusion_matrix": [
    [
      4,
      1,
      1,
      2,
      2
    ],
    [
      0,
      54,
      1,
      2,
      0
    ],
    [
      1,
      0,
      50,
      3,
      2
    ],
    [
      0,
      1,
      0,
      65,
      1
    ],
    [
      1,
      0,
      0,
      1,
      35
    ]
  ],
  "report": "                  precision    recall  f1-score   support\n\nbreath_retention       0.67      0.40      0.50        10\n        chanting       0.96      0.95      0.96        57\n      meditation       0.96      0.89      0.93        56\n       pranayama       0.89      0.97      0.93        67\n  viparita_swasa       0.88      0.95      0.91        37\n\n        accuracy                           0.92       227\n       macro avg       0.87      0.83      0.84       227\n    weighted avg       0.91      0.92      0.91       227\n"
}