{
  "metrics": {
    "accuracy": 0.5145631067961165,
    "f1_macro": 0.5075776493567786,
    "f1_weighted": 0.509807459557517
  },
  "classes": [
    "breath_retention",
    "chanting",
    "meditation",
    "pranayama",
    "viparita_swasa"
  ],
  "confusion_matrix": [
    [
      18,
      3,
      11,
      4,
      14
    ],
    [
      4,
      134,
      33,
      98,
      15
    ],
    [
      6,
      42,
      109,
      93,
      27
    ],
    [
      2,
      67,
      76,
      175,
      16
    ],
    [
      9,
      7,
      17,
      6,
      147
    ]
  ],
  "report": "                  precision    recall  f1-score   support\n\nbreath_retention       0.46      0.36      0.40        50\n        chanting       0.53      0.47      0.50       284\n      meditation       0.44      0.39      0.42       277\n       pranayama       0.47      0.52      0.49       336\n  viparita_swasa       0.67      0.79      0.73       186\n\n        accuracy                           0.51      1133\n       macro avg       0.51      0.51      0.51      1133\n    weighted avg       0.51      0.51      0.51      1133\n"
}