{
  "metrics": {
    "accuracy": 0.47761194029850745,
    "f1_macro": 0.38165036979234507,
    "f1_weighted": 0.4643201001563352
  },
  "classes": [
    "breath_retention",
    "chanting",
    "meditation",
    "pranayama",
    "viparita_swasa"
  ],
  "confusion_matrix": [
    [
      0,
      4,
      9,
      21,
      16
    ],
    [
      0,
      209,
      16,
      29,
      30
    ],
    [
      0,
      16,
      77,
      171,
      19
    ],
    [
      0,
      12,
      95,
      189,
      40
    ],
    [
      6,
      36,
      28,
      47,
      69
    ]
  ],
  "report": "                  precision    recall  f1-score   support\n\nbreath_retention       0.00      0.00      0.00        50\n        chanting       0.75      0.74      0.75       284\n      meditation       0.34      0.27      0.30       283\n       pranayama       0.41      0.56      0.48       336\n  viparita_swasa       0.40      0.37      0.38       186\n\n        accuracy                           0.48      1139\n       macro avg       0.38      0.39      0.38      1139\n    weighted avg       0.46      0.48      0.46      1139\n"
}